{
  "products": [
    {
      "id": 3,
      "name": "1/4 a 1000$",
      "price": "1234",
      "priceAlt": "1400"
    },
    {
      "id": 4,
      "name": "BALDE 5kg",
      "price": 5000,
      "priceAlt": 5500
    },
    {
      "id": 5,
      "name": "CHAMPANG",
      "price": "250",
      "priceAlt": "350"
    },
    {
      "id": 6,
      "name": "PALITO helado",
      "price": 500,
      "priceAlt": 600
    },
    {
      "id": 7,
      "name": "Pote de 1/2 vacío",
      "price": 500,
      "priceAlt": 550
    },
    {
      "id": 8,
      "name": "Pote de 1/4 vacío",
      "price": 200,
      "priceAlt": 250
    },
    {
      "id": 10,
      "name": "1 Café + 1 Alfajor",
      "price": 500,
      "priceAlt": 550
    },
    {
      "id": 111,
      "name": "1 Kilo",
      "price": "9500",
      "priceAlt": "10000"
    },
    {
      "id": 112,
      "name": "1/2 Kilo",
      "price": "7000",
      "priceAlt": "7500"
    },
    {
      "id": 113,
      "name": "1/4 Kilo",
      "price": 2900,
      "priceAlt": 3200
    },
    {
      "id": 14,
      "name": "CUCURUCHO 1 BOCHA",
      "price": 2500,
      "priceAlt": 2700
    },
    {
      "id": 15,
      "name": "CUCURUCHO 2 BOCHAS",
      "price": 2200,
      "priceAlt": 2400
    },
    {
      "id": 16,
      "name": "Vasito 1 Bocha",
      "price": 2200,
      "priceAlt": 2400
    },
    {
      "id": 17,
      "name": "Vasito 2 Bochas",
      "price": 2400,
      "priceAlt": 2600
    },
    {
      "id": 18,
      "name": "MILK SHAKE",
      "price": 2700,
      "priceAlt": 3000
    },
    {
      "id": 21,
      "name": "CASATA - SUIZO X 8",
      "price": 7500,
      "priceAlt": 8000
    },
    {
      "id": 22,
      "name": "CASATA - ESCOCES X 8",
      "price": 8000,
      "priceAlt": 8500
    },
    {
      "id": 23,
      "name": "CASATA - MIXTO X 8",
      "price": 6500,
      "priceAlt": 7000
    },
    {
      "id": 24,
      "name": "CASATA - BALDE DE 3L",
      "price": 8500,
      "priceAlt": 9000
    },
    {
      "id": 25,
      "name": "DELIVERY x KM",
      "price": 100,
      "priceAlt": 150
    },
    {
      "id": 126,
      "name": "VASITO X 2u",
      "price": 100,
      "priceAlt": 150
    },
    {
      "id": 127,
      "name": "CUCURUCHO X 3",
      "price": 500,
      "priceAlt": 600
    },
    {
      "id": 128,
      "name": "1 Churro + 1 Media Luna",
      "price": 500,
      "priceAlt": 550
    },
    {
      "id": 129,
      "name": "6 Churros",
      "price": 2800,
      "priceAlt": 3000
    },
    {
      "id": 130,
      "name": "12 Churros",
      "price": 5400,
      "priceAlt": 5800
    },
    {
      "id": 131,
      "name": "POCHOCLO Individual",
      "price": 300,
      "priceAlt": 350
    },
    {
      "id": 132,
      "name": "POCHOCLO Familiar",
      "price": 400,
      "priceAlt": 450
    },
    {
      "id": 133,
      "name": "CHIPA 4 CHIPA",
      "price": 400,
      "priceAlt": 450
    },
    {
      "id": 134,
      "name": "6 MEDIALUNAS",
      "price": 300,
      "priceAlt": 350
    },
    {
      "id": 135,
      "name": "12 MEDIALUNAS",
      "price": 600,
      "priceAlt": 650
    },
    {
      "id": 161,
      "name": "Tradicional (kg)",
      "price": 1300,
      "priceAlt": 1500
    },
    {
      "id": 170,
      "name": "Expreso o Americano",
      "price": 1300,
      "priceAlt": 1400
    },
    {
      "id": 171,
      "name": "2 Expresos o Americanos",
      "price": 2300,
      "priceAlt": 2500
    },
    {
      "id": 172,
      "name": "Latte o Cappuccino",
      "price": 1800,
      "priceAlt": 2000
    },
    {
      "id": 173,
      "name": "2 Latte o Cappuccinos",
      "price": 3200,
      "priceAlt": 3400
    },
    {
      "id": 201,
      "name": "1 Pancho",
      "price": 2000,
      "priceAlt": 2200
    },
    {
      "id": 202,
      "name": "2 Panchos",
      "price": 3500,
      "priceAlt": 3700
    },
    {
      "id": 203,
      "name": "Pancho + Gaseosa",
      "price": 3500,
      "priceAlt": 3800
    },
    {
      "id": 250,
      "name": "Gaseosa 500ml",
      "price": 1800,
      "priceAlt": 1900
    }
  ],
  "sales": [],
  "initialCash": {
    "amount": 2313,
    "operator": "Sistema",
    "date": "2024-11-27T23:55:40.749"
  },
  "withdrawals": [],
  "closures": [],
  "closureCount": 0,
  "currentTurn": {},
  "currentShift": 16
}